detector,mean_n_detect,mean_n_TP,mean_n_FP,mean_delay,std_n_detect,std_n_TP,std_n_FP,std_delay
PH9,14843.066666666668,280.1666666666667,14562.9,18.618123236289545,48.914846644165436,1.7336538165261126,48.39789940345208,1.3069035097409278
PH10,6041.566666666667,241.1,5800.466666666666,46.04615488472231,72.97473687669057,3.409301003627185,70.71526630713406,3.2765305006334655
PH10Adapt,5685.4,235.33333333333334,5450.066666666667,54.273012875673516,52.52212232320142,3.552776691859795,50.986229077620116,4.201909445752268
