detector,mean_n_detect,mean_n_TP,mean_n_FP,mean_delay,std_n_detect,std_n_TP,std_n_FP,std_delay
PH9,14843.066666666668,280.1666666666667,14562.9,18.618123236289545,48.914846644165436,1.7336538165261126,48.39789940345208,1.3069035097409278
PH10,6041.566666666667,241.1,5800.466666666666,46.04615488472231,72.97473687669057,3.409301003627185,70.71526630713406,3.2765305006334655
PH10Adapt,4705.333333333333,223.2,4482.133333333333,75.96679409930498,58.46727479729342,3.3506218328344173,57.20998358872533,4.39234817406552
