detector,mean_n_detect,mean_n_TP,mean_n_FP,mean_delay,std_n_detect,std_n_TP,std_n_FP,std_delay
DDMRef,4.2,0.7,3.5,nan,4.315862215903871,0.7371114795831993,3.89657969677682,nan
DDM4,2387.5666666666666,101.7,2285.866666666667,122.8809996935785,50.50853613224425,3.5133080327994772,50.41014007342394,9.088595672172028
DDM4Adapt,1998.7333333333333,105.43333333333334,1893.3,156.22973332769647,32.114309721507155,3.2525203902341473,31.011986929787863,9.072831628099772
