detector,mean_n_detect,mean_n_TP,mean_n_FP,mean_delay,std_n_detect,std_n_TP,std_n_FP,std_delay
ADWIN4,328.3333333333333,229.8,98.53333333333333,169.22067389537673,3.4286375654996775,3.2700662582481925,4.616877251514876,4.544545986767637
ADWIN1,347.4,236.6,110.8,160.37763476964992,4.521061822182926,3.261901286060019,6.068497892120147,5.391389246970411
ADWIN1Adapt,250.56666666666666,174.2,76.36666666666666,196.9795160510346,5.103484648311931,1.9390719429665315,5.32593236490622,5.195817886690615
